{
    "epochtime": [
        1739260182,
        1739260182,
        1739260182,
        1739260183,
        1739260183,
        1739260183,
        1739260183,
        1739260183,
        1739260184,
        1739260184,
        1739260184,
        1739260184,
        1739260184,
        1739260185,
        1739260185,
        1739260185,
        1739260185,
        1739260185,
        1739260186,
        1739260186,
        1739260186,
        1739260186,
        1739260186,
        1739260187,
        1739260187,
        1739260187,
        1739260187,
        1739260187,
        1739260188,
        1739260188,
        1739260188,
        1739260188,
        1739260188,
        1739260189,
        1739260189,
        1739260189,
        1739260189,
        1739260189,
        1739260190,
        1739260190,
        1739260190,
        1739260190,
        1739260190,
        1739260191,
        1739260191,
        1739260191,
        1739260191,
        1739260191,
        1739260192,
        1739260192
    ],
    "current": [
        0.10154468142,
        0.10154468142,
        0.10154468142,
        0.10154468142,
        0.10154468142,
        0.10154468142,
        0.10154468142,
        0.10154468142,
        0.10154468142,
        0.10154468142,
        0.10154468142,
        0.10154468142,
        0.10154468142,
        0.10154468142,
        0.10154468142,
        0.10154468142,
        0.10154468142,
        0.10154081422000001,
        0.10154081422000001,
        0.10154081422000001,
        0.10154081422000001,
        0.10154081422000001,
        0.10154081422000001,
        0.10154081422000001,
        0.10154081422000001,
        0.10154081422000001,
        0.10154081422000001,
        0.10154081422000001,
        0.10154081422000001,
        0.10154081422000001,
        0.10154081422000001,
        0.10154081422000001,
        0.10154081422000001,
        0.10154081422000001,
        0.10154081422000001,
        0.10154081422000001,
        0.10154081422000001,
        0.10154081422000001,
        0.10154081422000001,
        0.10154081422000001,
        0.10154081422000001,
        0.10154081422000001,
        0.10153576348,
        0.10153576348,
        0.10153576348,
        0.10153576348,
        0.10153576348,
        0.10153576348,
        0.10153576348,
        0.10153576348
    ],
    "board": [
        [
            {
                "id": 0,
                "voltages": {
                    "CH0": 1.157194,
                    "CH1": 0.96319,
                    "CH2": 0.676784,
                    "CH3": 0.75197,
                    "CH4": 3.133529,
                    "CH5": 0.494754,
                    "CH6": 0.483838,
                    "CH7": 1.918784,
                    "CH8": 1.813359,
                    "CH9": 0.543482,
                    "CH10": 0.488119,
                    "CH11": 3.218183,
                    "CH12": 0.076151,
                    "CH13": 1.476543,
                    "CH14": 1.042415,
                    "CH15": 0.944668
                },
                "time": 1897086956
            }
        ],
        [
            {
                "id": 0,
                "voltages": {
                    "CH0": 1.160582,
                    "CH1": 0.959842,
                    "CH2": 0.745508,
                    "CH3": 0.730538,
                    "CH4": 3.128198,
                    "CH5": 0.487553,
                    "CH6": 0.485649,
                    "CH7": 1.917203,
                    "CH8": 1.817512,
                    "CH9": 0.543249,
                    "CH10": 0.492365,
                    "CH11": 3.209095,
                    "CH12": 0.080574,
                    "CH13": 1.473894,
                    "CH14": 1.049008,
                    "CH15": 0.948788
                },
                "time": 1897087166
            }
        ],
        [
            {
                "id": 0,
                "voltages": {
                    "CH0": 1.15904,
                    "CH1": 0.964436,
                    "CH2": 0.680287,
                    "CH3": 0.743657,
                    "CH4": 3.134193,
                    "CH5": 0.489483,
                    "CH6": 0.48791,
                    "CH7": 1.9233,
                    "CH8": 1.815753,
                    "CH9": 0.546134,
                    "CH10": 0.492383,
                    "CH11": 3.214608,
                    "CH12": 0.084515,
                    "CH13": 1.410931,
                    "CH14": 1.038567,
                    "CH15": 0.943623
                },
                "time": 1897087334
            }
        ],
        [
            {
                "id": 0,
                "voltages": {
                    "CH0": 1.156826,
                    "CH1": 0.958394,
                    "CH2": 0.74219,
                    "CH3": 0.729736,
                    "CH4": 3.119455,
                    "CH5": 0.497968,
                    "CH6": 0.479708,
                    "CH7": 1.921454,
                    "CH8": 1.818412,
                    "CH9": 0.542355,
                    "CH10": 0.491264,
                    "CH11": 3.212038,
                    "CH12": 0.078234,
                    "CH13": 1.469871,
                    "CH14": 1.048702,
                    "CH15": 0.946877
                },
                "time": 1897087544
            }
        ],
        [
            {
                "id": 0,
                "voltages": {
                    "CH0": 1.157992,
                    "CH1": 0.966384,
                    "CH2": 0.678926,
                    "CH3": 0.744394,
                    "CH4": 3.133741,
                    "CH5": 0.495106,
                    "CH6": 0.48733,
                    "CH7": 1.922118,
                    "CH8": 1.814803,
                    "CH9": 0.545934,
                    "CH10": 0.49043,
                    "CH11": 3.212142,
                    "CH12": 0.085784,
                    "CH13": 1.416421,
                    "CH14": 1.037497,
                    "CH15": 0.943332
                },
                "time": 1897087754
            }
        ],
        [
            {
                "id": 0,
                "voltages": {
                    "CH0": 1.153224,
                    "CH1": 0.963012,
                    "CH2": 0.697206,
                    "CH3": 0.749964,
                    "CH4": 3.138184,
                    "CH5": 0.496497,
                    "CH6": 0.48282,
                    "CH7": 1.918886,
                    "CH8": 1.81326,
                    "CH9": 0.545525,
                    "CH10": 0.492232,
                    "CH11": 3.212904,
                    "CH12": 0.079414,
                    "CH13": 1.46986,
                    "CH14": 1.041183,
                    "CH15": 0.951805
                },
                "time": 1897087964
            }
        ],
        [
            {
                "id": 0,
                "voltages": {
                    "CH0": 1.154353,
                    "CH1": 0.965549,
                    "CH2": 0.727071,
                    "CH3": 0.726424,
                    "CH4": 3.130668,
                    "CH5": 0.493153,
                    "CH6": 0.483656,
                    "CH7": 1.926868,
                    "CH8": 1.812522,
                    "CH9": 0.544995,
                    "CH10": 0.492579,
                    "CH11": 3.212712,
                    "CH12": 0.073329,
                    "CH13": 1.465228,
                    "CH14": 1.048127,
                    "CH15": 0.943017
                },
                "time": 1897088132
            }
        ],
        [
            {
                "id": 0,
                "voltages": {
                    "CH0": 1.154509,
                    "CH1": 0.971198,
                    "CH2": 0.700957,
                    "CH3": 0.750417,
                    "CH4": 3.136914,
                    "CH5": 0.493183,
                    "CH6": 0.481479,
                    "CH7": 1.923659,
                    "CH8": 1.81114,
                    "CH9": 0.541348,
                    "CH10": 0.49079,
                    "CH11": 3.201809,
                    "CH12": 0.085508,
                    "CH13": 1.41148,
                    "CH14": 1.032042,
                    "CH15": 0.943647
                },
                "time": 1897088342
            }
        ],
        [
            {
                "id": 0,
                "voltages": {
                    "CH0": 1.155594,
                    "CH1": 0.966932,
                    "CH2": 0.723793,
                    "CH3": 0.734679,
                    "CH4": 3.129589,
                    "CH5": 0.495716,
                    "CH6": 0.484052,
                    "CH7": 1.927789,
                    "CH8": 1.813766,
                    "CH9": 0.53966,
                    "CH10": 0.490769,
                    "CH11": 3.212394,
                    "CH12": 0.076095,
                    "CH13": 1.448231,
                    "CH14": 1.050237,
                    "CH15": 0.9464
                },
                "time": 1897088552
            }
        ],
        [
            {
                "id": 0,
                "voltages": {
                    "CH0": 1.154726,
                    "CH1": 0.970133,
                    "CH2": 0.730818,
                    "CH3": 0.741413,
                    "CH4": 3.139914,
                    "CH5": 0.494082,
                    "CH6": 0.482397,
                    "CH7": 1.923503,
                    "CH8": 1.814824,
                    "CH9": 0.540884,
                    "CH10": 0.492425,
                    "CH11": 3.205252,
                    "CH12": 0.090436,
                    "CH13": 1.437581,
                    "CH14": 1.036591,
                    "CH15": 0.945093
                },
                "time": 1897088762
            }
        ],
        [
            {
                "id": 0,
                "voltages": {
                    "CH0": 1.14859,
                    "CH1": 0.960703,
                    "CH2": 0.695172,
                    "CH3": 0.732461,
                    "CH4": 3.144247,
                    "CH5": 0.493669,
                    "CH6": 0.483108,
                    "CH7": 1.92567,
                    "CH8": 1.816319,
                    "CH9": 0.543321,
                    "CH10": 0.493505,
                    "CH11": 3.205462,
                    "CH12": 0.087101,
                    "CH13": 1.430892,
                    "CH14": 1.043285,
                    "CH15": 0.943617
                },
                "time": 1897088972
            }
        ],
        [
            {
                "id": 0,
                "voltages": {
                    "CH0": 1.153535,
                    "CH1": 0.966149,
                    "CH2": 0.729308,
                    "CH3": 0.745469,
                    "CH4": 3.130023,
                    "CH5": 0.493247,
                    "CH6": 0.479985,
                    "CH7": 1.92705,
                    "CH8": 1.809914,
                    "CH9": 0.542324,
                    "CH10": 0.494725,
                    "CH11": 3.208372,
                    "CH12": 0.071641,
                    "CH13": 1.441345,
                    "CH14": 1.046264,
                    "CH15": 0.946477
                },
                "time": 1897089140
            }
        ],
        [
            {
                "id": 0,
                "voltages": {
                    "CH0": 1.153755,
                    "CH1": 0.962378,
                    "CH2": 0.690079,
                    "CH3": 0.724534,
                    "CH4": 3.140424,
                    "CH5": 0.490049,
                    "CH6": 0.482091,
                    "CH7": 1.924231,
                    "CH8": 1.815444,
                    "CH9": 0.543631,
                    "CH10": 0.488792,
                    "CH11": 3.202919,
                    "CH12": 0.082035,
                    "CH13": 1.444268,
                    "CH14": 1.033917,
                    "CH15": 0.94359
                },
                "time": 1897089350
            }
        ],
        [
            {
                "id": 0,
                "voltages": {
                    "CH0": 1.154572,
                    "CH1": 0.971255,
                    "CH2": 0.72958,
                    "CH3": 0.744101,
                    "CH4": 3.131027,
                    "CH5": 0.485969,
                    "CH6": 0.480166,
                    "CH7": 1.923416,
                    "CH8": 1.808681,
                    "CH9": 0.539212,
                    "CH10": 0.496181,
                    "CH11": 3.209861,
                    "CH12": 0.073581,
                    "CH13": 1.453975,
                    "CH14": 1.045738,
                    "CH15": 0.947957
                },
                "time": 1897089560
            }
        ],
        [
            {
                "id": 0,
                "voltages": {
                    "CH0": 1.147048,
                    "CH1": 0.960945,
                    "CH2": 0.729465,
                    "CH3": 0.741791,
                    "CH4": 3.12916,
                    "CH5": 0.490865,
                    "CH6": 0.478981,
                    "CH7": 1.92291,
                    "CH8": 1.809439,
                    "CH9": 0.538118,
                    "CH10": 0.493793,
                    "CH11": 3.203688,
                    "CH12": 0.088743,
                    "CH13": 1.429212,
                    "CH14": 1.03888,
                    "CH15": 0.944523
                },
                "time": 1897089770
            }
        ],
        [
            {
                "id": 0,
                "voltages": {
                    "CH0": 1.15757,
                    "CH1": 0.964811,
                    "CH2": 0.68674,
                    "CH3": 0.74268,
                    "CH4": 3.140911,
                    "CH5": 0.490553,
                    "CH6": 0.479802,
                    "CH7": 1.9233,
                    "CH8": 1.814437,
                    "CH9": 0.54272,
                    "CH10": 0.49506,
                    "CH11": 3.208973,
                    "CH12": 0.08828,
                    "CH13": 1.412109,
                    "CH14": 1.038079,
                    "CH15": 0.94547
                },
                "time": 1897089938
            }
        ],
        [
            {
                "id": 0,
                "voltages": {
                    "CH0": 1.14631,
                    "CH1": 0.957731,
                    "CH2": 0.734548,
                    "CH3": 0.725283,
                    "CH4": 3.131788,
                    "CH5": 0.499042,
                    "CH6": 0.482613,
                    "CH7": 1.926057,
                    "CH8": 1.810252,
                    "CH9": 0.539985,
                    "CH10": 0.490335,
                    "CH11": 3.2103,
                    "CH12": 0.08056,
                    "CH13": 1.470208,
                    "CH14": 1.03972,
                    "CH15": 0.940592
                },
                "time": 1897090148
            }
        ],
        [
            {
                "id": 0,
                "voltages": {
                    "CH0": 1.161502,
                    "CH1": 0.965472,
                    "CH2": 0.680344,
                    "CH3": 0.754314,
                    "CH4": 3.138453,
                    "CH5": 0.495633,
                    "CH6": 0.48079,
                    "CH7": 1.924982,
                    "CH8": 1.82001,
                    "CH9": 0.544355,
                    "CH10": 0.498048,
                    "CH11": 3.211639,
                    "CH12": 0.087037,
                    "CH13": 1.402495,
                    "CH14": 1.035385,
                    "CH15": 0.948461
                },
                "time": 1897090358
            }
        ],
        [
            {
                "id": 0,
                "voltages": {
                    "CH0": 1.152164,
                    "CH1": 0.9575,
                    "CH2": 0.685315,
                    "CH3": 0.721153,
                    "CH4": 3.132504,
                    "CH5": 0.494307,
                    "CH6": 0.482624,
                    "CH7": 1.92139,
                    "CH8": 1.813236,
                    "CH9": 0.539458,
                    "CH10": 0.489556,
                    "CH11": 3.20798,
                    "CH12": 0.083392,
                    "CH13": 1.48526,
                    "CH14": 1.03884,
                    "CH15": 0.940117
                },
                "time": 1897090568
            }
        ],
        [
            {
                "id": 0,
                "voltages": {
                    "CH0": 1.151984,
                    "CH1": 0.967205,
                    "CH2": 0.735805,
                    "CH3": 0.723118,
                    "CH4": 3.130156,
                    "CH5": 0.490363,
                    "CH6": 0.487109,
                    "CH7": 1.921781,
                    "CH8": 1.815143,
                    "CH9": 0.544029,
                    "CH10": 0.49229,
                    "CH11": 3.212075,
                    "CH12": 0.084378,
                    "CH13": 1.488114,
                    "CH14": 1.040311,
                    "CH15": 0.947497
                },
                "time": 1897090778
            }
        ],
        [
            {
                "id": 0,
                "voltages": {
                    "CH0": 1.15242,
                    "CH1": 0.95456,
                    "CH2": 0.69574,
                    "CH3": 0.759641,
                    "CH4": 3.132748,
                    "CH5": 0.490209,
                    "CH6": 0.482691,
                    "CH7": 1.922144,
                    "CH8": 1.814745,
                    "CH9": 0.54175,
                    "CH10": 0.492077,
                    "CH11": 3.216929,
                    "CH12": 0.07842,
                    "CH13": 1.398006,
                    "CH14": 1.038896,
                    "CH15": 0.949368
                },
                "time": 1897090946
            }
        ],
        [
            {
                "id": 0,
                "voltages": {
                    "CH0": 1.153285,
                    "CH1": 0.972104,
                    "CH2": 0.726001,
                    "CH3": 0.720275,
                    "CH4": 3.130248,
                    "CH5": 0.489408,
                    "CH6": 0.482102,
                    "CH7": 1.923466,
                    "CH8": 1.816241,
                    "CH9": 0.542879,
                    "CH10": 0.489562,
                    "CH11": 3.205736,
                    "CH12": 0.088568,
                    "CH13": 1.486201,
                    "CH14": 1.039292,
                    "CH15": 0.949302
                },
                "time": 1897091156
            }
        ],
        [
            {
                "id": 0,
                "voltages": {
                    "CH0": 1.149974,
                    "CH1": 0.96049,
                    "CH2": 0.689167,
                    "CH3": 0.760632,
                    "CH4": 3.134305,
                    "CH5": 0.489538,
                    "CH6": 0.482427,
                    "CH7": 1.923909,
                    "CH8": 1.818366,
                    "CH9": 0.540482,
                    "CH10": 0.493028,
                    "CH11": 3.219605,
                    "CH12": 0.082064,
                    "CH13": 1.397327,
                    "CH14": 1.041734,
                    "CH15": 0.947876
                },
                "time": 1897091366
            }
        ],
        [
            {
                "id": 0,
                "voltages": {
                    "CH0": 1.150151,
                    "CH1": 0.965877,
                    "CH2": 0.676342,
                    "CH3": 0.75347,
                    "CH4": 3.130998,
                    "CH5": 0.491187,
                    "CH6": 0.486218,
                    "CH7": 1.92422,
                    "CH8": 1.818214,
                    "CH9": 0.542552,
                    "CH10": 0.493632,
                    "CH11": 3.217104,
                    "CH12": 0.085175,
                    "CH13": 1.485833,
                    "CH14": 1.043915,
                    "CH15": 0.946396
                },
                "time": 1897091576
            }
        ],
        [
            {
                "id": 0,
                "voltages": {
                    "CH0": 1.152719,
                    "CH1": 0.962354,
                    "CH2": 0.74478,
                    "CH3": 0.721667,
                    "CH4": 3.128946,
                    "CH5": 0.492652,
                    "CH6": 0.481009,
                    "CH7": 1.923228,
                    "CH8": 1.819454,
                    "CH9": 0.539757,
                    "CH10": 0.494525,
                    "CH11": 3.208847,
                    "CH12": 0.083584,
                    "CH13": 1.482448,
                    "CH14": 1.036965,
                    "CH15": 0.94481
                },
                "time": 1897091744
            }
        ],
        [
            {
                "id": 0,
                "voltages": {
                    "CH0": 1.15262,
                    "CH1": 0.968103,
                    "CH2": 0.671858,
                    "CH3": 0.750943,
                    "CH4": 3.13438,
                    "CH5": 0.488154,
                    "CH6": 0.482401,
                    "CH7": 1.92599,
                    "CH8": 1.818555,
                    "CH9": 0.545132,
                    "CH10": 0.489572,
                    "CH11": 3.211555,
                    "CH12": 0.086459,
                    "CH13": 1.406823,
                    "CH14": 1.034812,
                    "CH15": 0.949379
                },
                "time": 1897091954
            }
        ],
        [
            {
                "id": 0,
                "voltages": {
                    "CH0": 1.155899,
                    "CH1": 0.961875,
                    "CH2": 0.741558,
                    "CH3": 0.737268,
                    "CH4": 3.126419,
                    "CH5": 0.487055,
                    "CH6": 0.480902,
                    "CH7": 1.920156,
                    "CH8": 1.817517,
                    "CH9": 0.538991,
                    "CH10": 0.49019,
                    "CH11": 3.214349,
                    "CH12": 0.082311,
                    "CH13": 1.457119,
                    "CH14": 1.042041,
                    "CH15": 0.952678
                },
                "time": 1897092164
            }
        ],
        [
            {
                "id": 0,
                "voltages": {
                    "CH0": 1.156852,
                    "CH1": 0.961926,
                    "CH2": 0.679701,
                    "CH3": 0.743847,
                    "CH4": 3.132862,
                    "CH5": 0.48553,
                    "CH6": 0.480526,
                    "CH7": 1.924139,
                    "CH8": 1.81823,
                    "CH9": 0.541365,
                    "CH10": 0.492777,
                    "CH11": 3.20802,
                    "CH12": 0.086108,
                    "CH13": 1.419132,
                    "CH14": 1.032732,
                    "CH15": 0.947972
                },
                "time": 1897092374
            }
        ],
        [
            {
                "id": 0,
                "voltages": {
                    "CH0": 1.151207,
                    "CH1": 0.966275,
                    "CH2": 0.696064,
                    "CH3": 0.748192,
                    "CH4": 3.141908,
                    "CH5": 0.489802,
                    "CH6": 0.482358,
                    "CH7": 1.915425,
                    "CH8": 1.814612,
                    "CH9": 0.540608,
                    "CH10": 0.493772,
                    "CH11": 3.204624,
                    "CH12": 0.086747,
                    "CH13": 1.462786,
                    "CH14": 1.046924,
                    "CH15": 0.94609
                },
                "time": 1897092584
            }
        ],
        [
            {
                "id": 0,
                "voltages": {
                    "CH0": 1.158411,
                    "CH1": 0.963481,
                    "CH2": 0.730618,
                    "CH3": 0.725008,
                    "CH4": 3.134541,
                    "CH5": 0.491484,
                    "CH6": 0.480003,
                    "CH7": 1.925068,
                    "CH8": 1.817284,
                    "CH9": 0.540613,
                    "CH10": 0.493326,
                    "CH11": 3.211953,
                    "CH12": 0.081098,
                    "CH13": 1.473408,
                    "CH14": 1.048437,
                    "CH15": 0.949621
                },
                "time": 1897092752
            }
        ],
        [
            {
                "id": 0,
                "voltages": {
                    "CH0": 1.151842,
                    "CH1": 0.967994,
                    "CH2": 0.702488,
                    "CH3": 0.740894,
                    "CH4": 3.14406,
                    "CH5": 0.488988,
                    "CH6": 0.482463,
                    "CH7": 1.92025,
                    "CH8": 1.816027,
                    "CH9": 0.541175,
                    "CH10": 0.493005,
                    "CH11": 3.203892,
                    "CH12": 0.089442,
                    "CH13": 1.425621,
                    "CH14": 1.032999,
                    "CH15": 0.949613
                },
                "time": 1897092962
            }
        ],
        [
            {
                "id": 0,
                "voltages": {
                    "CH0": 1.148593,
                    "CH1": 0.96205,
                    "CH2": 0.720799,
                    "CH3": 0.736955,
                    "CH4": 3.13327,
                    "CH5": 0.492785,
                    "CH6": 0.479816,
                    "CH7": 1.92815,
                    "CH8": 1.817609,
                    "CH9": 0.53664,
                    "CH10": 0.490414,
                    "CH11": 3.218184,
                    "CH12": 0.072045,
                    "CH13": 1.450542,
                    "CH14": 1.049758,
                    "CH15": 0.951578
                },
                "time": 1897093172
            }
        ],
        [
            {
                "id": 0,
                "voltages": {
                    "CH0": 1.155993,
                    "CH1": 0.966915,
                    "CH2": 0.73562,
                    "CH3": 0.737199,
                    "CH4": 3.13835,
                    "CH5": 0.489786,
                    "CH6": 0.476424,
                    "CH7": 1.919218,
                    "CH8": 1.814037,
                    "CH9": 0.537183,
                    "CH10": 0.492685,
                    "CH11": 3.206648,
                    "CH12": 0.084172,
                    "CH13": 1.430111,
                    "CH14": 1.032168,
                    "CH15": 0.943123
                },
                "time": 1897093382
            }
        ],
        [
            {
                "id": 0,
                "voltages": {
                    "CH0": 1.15088,
                    "CH1": 0.962515,
                    "CH2": 0.691761,
                    "CH3": 0.738236,
                    "CH4": 3.14203,
                    "CH5": 0.490618,
                    "CH6": 0.479264,
                    "CH7": 1.920681,
                    "CH8": 1.816765,
                    "CH9": 0.534368,
                    "CH10": 0.489876,
                    "CH11": 3.203975,
                    "CH12": 0.08576,
                    "CH13": 1.428038,
                    "CH14": 1.038288,
                    "CH15": 0.949863
                },
                "time": 1897093550
            }
        ],
        [
            {
                "id": 0,
                "voltages": {
                    "CH0": 1.158408,
                    "CH1": 0.969941,
                    "CH2": 0.73434,
                    "CH3": 0.74314,
                    "CH4": 3.134663,
                    "CH5": 0.486071,
                    "CH6": 0.478506,
                    "CH7": 1.922998,
                    "CH8": 1.812787,
                    "CH9": 0.538491,
                    "CH10": 0.492658,
                    "CH11": 3.209744,
                    "CH12": 0.079533,
                    "CH13": 1.459424,
                    "CH14": 1.048417,
                    "CH15": 0.952124
                },
                "time": 1897093760
            }
        ],
        [
            {
                "id": 0,
                "voltages": {
                    "CH0": 1.156119,
                    "CH1": 0.964281,
                    "CH2": 0.688248,
                    "CH3": 0.74099,
                    "CH4": 3.141348,
                    "CH5": 0.486875,
                    "CH6": 0.48095,
                    "CH7": 1.925756,
                    "CH8": 1.816817,
                    "CH9": 0.539503,
                    "CH10": 0.494582,
                    "CH11": 3.205999,
                    "CH12": 0.087823,
                    "CH13": 1.414499,
                    "CH14": 1.037901,
                    "CH15": 0.949123
                },
                "time": 1897093970
            }
        ],
        [
            {
                "id": 0,
                "voltages": {
                    "CH0": 1.159166,
                    "CH1": 0.968307,
                    "CH2": 0.743418,
                    "CH3": 0.732806,
                    "CH4": 3.136016,
                    "CH5": 0.487411,
                    "CH6": 0.479891,
                    "CH7": 1.924652,
                    "CH8": 1.815584,
                    "CH9": 0.543426,
                    "CH10": 0.490421,
                    "CH11": 3.20947,
                    "CH12": 0.081322,
                    "CH13": 1.469062,
                    "CH14": 1.051255,
                    "CH15": 0.953768
                },
                "time": 1897094180
            }
        ],
        [
            {
                "id": 0,
                "voltages": {
                    "CH0": 1.152083,
                    "CH1": 0.960249,
                    "CH2": 0.732439,
                    "CH3": 0.734281,
                    "CH4": 3.127013,
                    "CH5": 0.490928,
                    "CH6": 0.480217,
                    "CH7": 1.922639,
                    "CH8": 1.813376,
                    "CH9": 0.539092,
                    "CH10": 0.491261,
                    "CH11": 3.210801,
                    "CH12": 0.085312,
                    "CH13": 1.416614,
                    "CH14": 1.037011,
                    "CH15": 0.94524
                },
                "time": 1897094390
            }
        ],
        [
            {
                "id": 0,
                "voltages": {
                    "CH0": 1.164092,
                    "CH1": 0.971189,
                    "CH2": 0.686075,
                    "CH3": 0.741444,
                    "CH4": 3.140521,
                    "CH5": 0.487512,
                    "CH6": 0.481396,
                    "CH7": 1.930088,
                    "CH8": 1.816311,
                    "CH9": 0.542315,
                    "CH10": 0.493853,
                    "CH11": 3.212031,
                    "CH12": 0.089836,
                    "CH13": 1.424884,
                    "CH14": 1.039029,
                    "CH15": 0.950206
                },
                "time": 1897094558
            }
        ],
        [
            {
                "id": 0,
                "voltages": {
                    "CH0": 1.14573,
                    "CH1": 0.957919,
                    "CH2": 0.730528,
                    "CH3": 0.742908,
                    "CH4": 3.123845,
                    "CH5": 0.489407,
                    "CH6": 0.47874,
                    "CH7": 1.926754,
                    "CH8": 1.813946,
                    "CH9": 0.540571,
                    "CH10": 0.492967,
                    "CH11": 3.2152,
                    "CH12": 0.072603,
                    "CH13": 1.452343,
                    "CH14": 1.041227,
                    "CH15": 0.944433
                },
                "time": 1897094768
            }
        ],
        [
            {
                "id": 0,
                "voltages": {
                    "CH0": 1.164661,
                    "CH1": 0.968869,
                    "CH2": 0.69837,
                    "CH3": 0.7335,
                    "CH4": 3.139822,
                    "CH5": 0.486282,
                    "CH6": 0.477792,
                    "CH7": 1.920899,
                    "CH8": 1.813147,
                    "CH9": 0.542574,
                    "CH10": 0.495835,
                    "CH11": 3.207897,
                    "CH12": 0.077495,
                    "CH13": 1.443553,
                    "CH14": 1.039328,
                    "CH15": 0.945358
                },
                "time": 1897094978
            }
        ],
        [
            {
                "id": 0,
                "voltages": {
                    "CH0": 1.157106,
                    "CH1": 0.960404,
                    "CH2": 0.693159,
                    "CH3": 0.741677,
                    "CH4": 3.14003,
                    "CH5": 0.490787,
                    "CH6": 0.47335,
                    "CH7": 1.921645,
                    "CH8": 1.814708,
                    "CH9": 0.538915,
                    "CH10": 0.490856,
                    "CH11": 3.220813,
                    "CH12": 0.07269,
                    "CH13": 1.456719,
                    "CH14": 1.043364,
                    "CH15": 0.942352
                },
                "time": 1897095188
            }
        ],
        [
            {
                "id": 0,
                "voltages": {
                    "CH0": 1.161905,
                    "CH1": 0.971432,
                    "CH2": 0.73192,
                    "CH3": 0.737249,
                    "CH4": 3.127099,
                    "CH5": 0.491028,
                    "CH6": 0.477189,
                    "CH7": 1.927204,
                    "CH8": 1.812928,
                    "CH9": 0.543643,
                    "CH10": 0.493695,
                    "CH11": 3.220857,
                    "CH12": 0.078426,
                    "CH13": 1.456348,
                    "CH14": 1.047477,
                    "CH15": 0.948373
                },
                "time": 1897095398
            }
        ],
        [
            {
                "id": 0,
                "voltages": {
                    "CH0": 1.152646,
                    "CH1": 0.957877,
                    "CH2": 0.687458,
                    "CH3": 0.74834,
                    "CH4": 3.132064,
                    "CH5": 0.487779,
                    "CH6": 0.479703,
                    "CH7": 1.918869,
                    "CH8": 1.816647,
                    "CH9": 0.541385,
                    "CH10": 0.490772,
                    "CH11": 3.21656,
                    "CH12": 0.085338,
                    "CH13": 1.405636,
                    "CH14": 1.038816,
                    "CH15": 0.951406
                },
                "time": 1897095566
            }
        ],
        [
            {
                "id": 0,
                "voltages": {
                    "CH0": 1.155528,
                    "CH1": 0.970706,
                    "CH2": 0.734155,
                    "CH3": 0.725823,
                    "CH4": 3.127943,
                    "CH5": 0.490555,
                    "CH6": 0.482861,
                    "CH7": 1.923485,
                    "CH8": 1.81281,
                    "CH9": 0.537818,
                    "CH10": 0.489047,
                    "CH11": 3.219308,
                    "CH12": 0.081353,
                    "CH13": 1.477372,
                    "CH14": 1.050533,
                    "CH15": 0.943047
                },
                "time": 1897095776
            }
        ],
        [
            {
                "id": 0,
                "voltages": {
                    "CH0": 1.154144,
                    "CH1": 0.959796,
                    "CH2": 0.691769,
                    "CH3": 0.75948,
                    "CH4": 3.1313,
                    "CH5": 0.49077,
                    "CH6": 0.479484,
                    "CH7": 1.921086,
                    "CH8": 1.814325,
                    "CH9": 0.541271,
                    "CH10": 0.487578,
                    "CH11": 3.221857,
                    "CH12": 0.074587,
                    "CH13": 1.388978,
                    "CH14": 1.040121,
                    "CH15": 0.942538
                },
                "time": 1897095986
            }
        ],
        [
            {
                "id": 0,
                "voltages": {
                    "CH0": 1.158324,
                    "CH1": 0.969047,
                    "CH2": 0.682434,
                    "CH3": 0.761592,
                    "CH4": 3.127795,
                    "CH5": 0.489586,
                    "CH6": 0.480327,
                    "CH7": 1.922489,
                    "CH8": 1.817216,
                    "CH9": 0.544831,
                    "CH10": 0.488612,
                    "CH11": 3.212432,
                    "CH12": 0.08169,
                    "CH13": 1.481672,
                    "CH14": 1.036468,
                    "CH15": 0.943091
                },
                "time": 1897096196
            }
        ],
        [
            {
                "id": 0,
                "voltages": {
                    "CH0": 1.159814,
                    "CH1": 0.968043,
                    "CH2": 0.722844,
                    "CH3": 0.726173,
                    "CH4": 3.132241,
                    "CH5": 0.486869,
                    "CH6": 0.477086,
                    "CH7": 1.918972,
                    "CH8": 1.815226,
                    "CH9": 0.54091,
                    "CH10": 0.49046,
                    "CH11": 3.207865,
                    "CH12": 0.088954,
                    "CH13": 1.468926,
                    "CH14": 1.038647,
                    "CH15": 0.942536
                },
                "time": 1897096364
            }
        ],
        [
            {
                "id": 0,
                "voltages": {
                    "CH0": 1.156998,
                    "CH1": 0.971342,
                    "CH2": 0.70667,
                    "CH3": 0.757525,
                    "CH4": 3.122266,
                    "CH5": 0.484462,
                    "CH6": 0.4843,
                    "CH7": 1.923595,
                    "CH8": 1.815048,
                    "CH9": 0.53953,
                    "CH10": 0.491292,
                    "CH11": 3.220718,
                    "CH12": 0.071603,
                    "CH13": 1.419996,
                    "CH14": 1.044159,
                    "CH15": 0.944841
                },
                "time": 1897096574
            }
        ],
        [
            {
                "id": 0,
                "voltages": {
                    "CH0": 1.156659,
                    "CH1": 0.969493,
                    "CH2": 0.713323,
                    "CH3": 0.726128,
                    "CH4": 3.137938,
                    "CH5": 0.489684,
                    "CH6": 0.482592,
                    "CH7": 1.918317,
                    "CH8": 1.811273,
                    "CH9": 0.540685,
                    "CH10": 0.488773,
                    "CH11": 3.209066,
                    "CH12": 0.089817,
                    "CH13": 1.45422,
                    "CH14": 1.03619,
                    "CH15": 0.944895
                },
                "time": 1897096784
            }
        ]
    ]
}